Time ms,AlphaAbs1,AlphaAbs2,AlphaAbs3,AlphaAbs4
0,0.42168125653887034,-0.39638981864512357,0.3049301705969206,0.4338464629870425
0,0.42168125653887034,-0.051675067062593574,0.3049301705969206,0.4338464629870425
0,0.42168125653887034,0.007178341615804594,0.32046770402417946,0.4338464629870425
0,0.42168125653887034,0.02082486499906495,0.33602361561109995,0.4338464629870425
0,0.42168125653887034,0.023955872232685884,0.33602361561109995,0.4338464629870425
0,0.42168125653887034,0.023955872232685884,0.33602361561109995,0.4338464629870425
0,0.42168125653887034,0.023955872232685884,0.33179041639435986,0.4338464629870425
0,0.3664810946245234,0.023955872232685884,0.3107465714148257,0.4338464629870425
0,0.2541406299362425,0.023955872232685884,0.26107254452531914,0.4338464629870425
0,0.15753975286220837,0.023955872232685884,0.17073767860386604,0.4338464629870425
0,0.09082116159427343,0.023955872232685884,0.06245611536666085,0.30064098951522783
0,0.042616948925183966,0.023955872232685884,-0.021571790222705035,0.30064098951522783
0,0.006768795875324171,0.023955872232685884,-0.0655652516255976,0.30064098951522783
0,-0.017630901120779318,0.023955872232685884,-0.08039790017605708,0.30064098951522783
0,-0.017630901120779318,0.012125388446384078,-0.09054366921692215,0.30064098951522783
0,-0.017630901120779318,0.012125388446384078,-0.09054366921692215,0.30064098951522783
0,-0.017630901120779318,0.012125388446384078,-0.09054366921692215,0.30064098951522783
0,-0.017630901120779318,0.012125388446384078,-0.09054366921692215,0.30064098951522783
0,-0.017630901120779318,0.012125388446384078,-0.09054366921692215,0.30064098951522783
0,-0.017630901120779318,0.012125388446384078,-0.09054366921692215,0.30064098951522783
0,-0.017630901120779318,0.012125388446384078,-0.09054366921692215,0.30064098951522783
0,-0.017630901120779318,0.012125388446384078,-0.09054366921692215,0.30064098951522783
0,-0.017630901120779318,0.012125388446384078,-0.09054366921692215,0.30064098951522783
0,-0.017630901120779318,0.012125388446384078,-0.09054366921692215,0.30064098951522783
0,-0.017630901120779318,0.012125388446384078,-0.09054366921692215,0.30064098951522783
0,-0.017630901120779318,0.012125388446384078,-0.09054366921692215,0.30064098951522783
0,-0.017630901120779318,0.012125388446384078,-0.09054366921692215,0.30064098951522783
0,-0.017630901120779318,0.012125388446384078,-0.09054366921692215,0.30064098951522783
0,-0.017630901120779318,0.012125388446384078,-0.09054366921692215,0.30064098951522783
0,-0.017630901120779318,0.012125388446384078,-0.09054366921692215,0.30064098951522783
0,-0.017630901120779318,0.012125388446384078,-0.09054366921692215,0.30064098951522783
0,-0.017630901120779318,0.012125388446384078,-0.09054366921692215,0.30064098951522783
0,-0.017630901120779318,0.012125388446384078,-0.09054366921692215,0.30064098951522783
0,-0.017630901120779318,0.012125388446384078,-0.09054366921692215,0.30064098951522783
0,-0.017630901120779318,0.012125388446384078,-0.09054366921692215,0.30064098951522783
0,-0.017630901120779318,0.012125388446384078,-0.09054366921692215,0.30064098951522783
0,-0.017630901120779318,0.012125388446384078,-0.09054366921692215,0.30064098951522783
0,-0.017630901120779318,0.012125388446384078,-0.09054366921692215,0.30064098951522783
0,-0.017630901120779318,0.012125388446384078,-0.09054366921692215,0.30064098951522783
0,-0.017630901120779318,0.012125388446384078,-0.09054366921692215,0.30064098951522783
0,-0.017630901120779318,0.012125388446384078,-0.09054366921692215,0.30064098951522783
0,-0.017630901120779318,0.012125388446384078,-0.09054366921692215,0.30064098951522783
0,-0.017630901120779318,0.012125388446384078,-0.09054366921692215,0.30064098951522783
0,-0.017630901120779318,0.012125388446384078,-0.09054366921692215,0.30064098951522783
0,-0.017630901120779318,0.012125388446384078,-0.09054366921692215,0.30064098951522783
0,-0.017630901120779318,0.012125388446384078,-0.09054366921692215,0.30064098951522783
0,-0.017630901120779318,0.012125388446384078,-0.09054366921692215,0.30064098951522783
0,-0.017630901120779318,0.012125388446384078,-0.09054366921692215,0.30064098951522783
0,-0.017630901120779318,0.012125388446384078,-0.09054366921692215,0.30064098951522783
0,-0.017630901120779318,0.012125388446384078,-0.09054366921692215,0.30064098951522783
0,-0.017630901120779318,0.012125388446384078,-0.09054366921692215,0.30064098951522783
0,-0.017630901120779318,0.012125388446384078,-0.09054366921692215,0.30064098951522783
0,-0.017630901120779318,0.012125388446384078,-0.09054366921692215,0.30064098951522783
0,-0.017630901120779318,0.012125388446384078,-0.09054366921692215,0.30064098951522783
0,-0.017630901120779318,0.012125388446384078,-0.09054366921692215,0.30064098951522783
0,-0.017630901120779318,0.012125388446384078,-0.09054366921692215,-0.15083140327776673
0,-0.017630901120779318,0.012125388446384078,-0.09054366921692215,-0.15083140327776673
0,-0.017630901120779318,0.012125388446384078,-0.09054366921692215,-0.15083140327776673
0,-0.017630901120779318,0.012125388446384078,-0.09054366921692215,-0.15083140327776673
0,-0.017630901120779318,0.012125388446384078,-0.09054366921692215,-0.15083140327776673
0,-0.017630901120779318,0.012125388446384078,-0.09054366921692215,-0.15083140327776673
0,-0.017630901120779318,0.012125388446384078,-0.09054366921692215,-0.15083140327776673
0,-0.017630901120779318,0.012125388446384078,-0.09054366921692215,-0.15083140327776673
0,-0.017630901120779318,0.012125388446384078,-0.09054366921692215,-0.15083140327776673
0,-0.017630901120779318,0.012125388446384078,-0.09054366921692215,-0.15083140327776673
0,-0.017630901120779318,0.012125388446384078,-0.09054366921692215,-0.15083140327776673
0,-0.017630901120779318,0.012125388446384078,-0.09054366921692215,-0.15083140327776673
0,-0.017630901120779318,0.012125388446384078,-0.09054366921692215,-0.15083140327776673
0,-0.017630901120779318,0.012125388446384078,-0.09054366921692215,-0.15083140327776673
0,-0.017630901120779318,0.012125388446384078,-0.09054366921692215,-0.15083140327776673
0,-0.017630901120779318,0.012125388446384078,-0.09054366921692215,-0.15083140327776673
0,-0.017630901120779318,0.012125388446384078,-0.09054366921692215,-0.15083140327776673
0,-0.017630901120779318,0.012125388446384078,-0.09054366921692215,-0.15083140327776673
0,-0.017630901120779318,0.012125388446384078,-0.09054366921692215,-0.15083140327776673
0,-0.017630901120779318,0.012125388446384078,-0.09054366921692215,-0.15083140327776673
0,-0.017630901120779318,0.012125388446384078,-0.09054366921692215,-0.15083140327776673
0,-0.017630901120779318,0.012125388446384078,-0.09054366921692215,-0.15083140327776673
0,-0.017630901120779318,0.012125388446384078,-0.09054366921692215,-0.15083140327776673
0,-0.017630901120779318,0.012125388446384078,-0.09054366921692215,-0.15083140327776673
0,-0.017630901120779318,0.012125388446384078,-0.09054366921692215,-0.15083140327776673
0,-0.017630901120779318,0.012125388446384078,-0.09054366921692215,-0.15083140327776673
0,-0.017630901120779318,0.012125388446384078,-0.09054366921692215,-0.15083140327776673
0,-0.017630901120779318,0.012125388446384078,-0.09054366921692215,-0.15083140327776673
0,-0.017630901120779318,0.012125388446384078,-0.09054366921692215,-0.15083140327776673
0,-0.017630901120779318,0.012125388446384078,-0.09054366921692215,-0.15083140327776673
0,-0.017630901120779318,0.012125388446384078,-0.09054366921692215,-0.15083140327776673
0,-0.017630901120779318,0.012125388446384078,-0.09054366921692215,-0.15083140327776673
0,-0.017630901120779318,0.012125388446384078,-0.09054366921692215,-0.15083140327776673
0,-0.017630901120779318,0.012125388446384078,-0.09054366921692215,-0.15083140327776673
0,-0.017630901120779318,0.012125388446384078,-0.09054366921692215,-0.15083140327776673
0,-0.017630901120779318,-0.6740283147652402,-0.33337155508771676,-0.15083140327776673
0,-0.017630901120779318,-0.6740283147652402,-0.33337155508771676,0.016155664623156155
0,-0.18460994559871344,-0.6740283147652402,-0.33337155508771676,0.07520687806465373
0,0.07588122943494333,-0.6366156316122438,-0.33337155508771676,0.11396586152840431
0,0.23549650560264565,-0.6047731299647409,-0.33337155508771676,0.1903706218691028
0,0.281635021017727,-0.6031252276238918,-0.33337155508771676,0.24330687638495396
0,0.28529065447051966,-0.5971973916182622,-0.3292379211919533,0.2588686693894742
0,0.28529065447051966,-0.5971973916182622,-0.3292379211919533,0.2588686693894742
0,0.28529065447051966,-0.5971973916182622,-0.3292379211919533,0.2588686693894742
0,0.28529065447051966,-0.5971973916182622,-0.3292379211919533,0.2588686693894742
0,0.28529065447051966,-0.6135905721130754,-0.3952924552359689,0.2588686693894742
0,0.28529065447051966,-0.6204817476712384,-0.41881210220275084,0.26649901333268805
0,0.28529065447051966,-0.6217532234826331,-0.3931911641602861,0.2856745899580645
0,0.28529065447051966,-0.6217532234826331,-0.3386296428620238,0.28898488970611097
0,0.28529065447051966,-0.6217532234826331,-0.3276450290280919,0.2790983578358602
0,0.28529065447051966,-0.6217532234826331,-0.3579300568075679,0.2790983578358602
0,0.28529065447051966,-0.6217532234826331,-0.3651390115261364,0.2790983578358602
0,0.28529065447051966,-0.6217532234826331,-0.3609799895175594,0.2790983578358602
0,0.28529065447051966,-0.6217532234826331,-0.32942074049862,0.2681583523385648
0,0.28529065447051966,-0.6251978107720584,-0.28842046245072656,0.245907058008225
0,0.22344767964992135,-0.6501749726162559,-0.23085174866158037,0.221456366198625
0,0.08638275966986514,-0.6501749726162559,-0.1802467886553623,0.2580298786365458
0,0.0035749268047942867,-0.6501749726162559,-0.15385075384153563,0.2977799634602945
0,0.013600672597165589,-0.6501749726162559,-0.1461512845623598,0.3248520993415402
0,0.017700981447117004,-0.6501749726162559,-0.13346448810816874,0.3134472984497192
0,0.022292843458886116,-0.6501749726162559,-0.12948665006241464,0.3064454466791712
0,0.03117653419745375,-0.6501749726162559,-0.12201578731050726,0.3064454466791712
0,0.029055792020301355,-0.6227211732024325,-0.12900322831800307,0.3064454466791712
0,0.01373496580425651,-0.5894264901499735,-0.13483396462416078,0.29386706273500096
0,-0.009868671149850282,-0.5820117167340578,-0.13483396462416078,0.2764711133502897
0,-0.02465524179013696,-0.5820117167340578,-0.14400781437808163,0.25092902873916717
0,-0.027827700080136006,-0.5820117167340578,-0.16333345334368662,0.235996068767113
0,-0.03578414427889505,-0.5820117167340578,-0.19540706408958028,0.22686065213321796
0,-0.047429048415355356,-0.5820117167340578,-0.20637762675300297,0.22654066806134407
0,-0.03003056968401707,-0.5820117167340578,-0.20637762675300297,0.22654066806134407
0,-0.011757207899558945,-0.5820117167340578,-0.20637762675300297,0.22654066806134407
0,0.008034936701470072,-0.5820117167340578,-0.2129284156110097,0.22654066806134407
0,0.04701975298467579,-0.5919743726022562,-0.2310608563550621,0.224819122171608
0,0.09310346620468726,-0.5491622211940367,-0.29281470134950477,0.19440188211963377
0,0.1436657856393238,-0.45118249556903023,-0.3641592694317111,0.09030209275556138
0,0.25162587343214377,-0.35044122659713,-0.3806902057446756,-0.06663397895656573
0,0.3347944221804602,-0.2530620500252573,-0.4010630837489325,-0.06663397895656573
0,0.38805447760712236,-0.17183423207308335,-0.401560700456418,-0.06663397895656573
0,0.40536900402445863,-0.096576657366516,-0.3991807969869393,-0.06663397895656573
0,0.4054051398506357,-0.02859712634913618,-0.36121085688620375,-0.06663397895656573
0,0.4054051398506357,0.012509123975455512,-0.29770023179888583,-0.06663397895656573
0,0.4054051398506357,0.021577096943643976,-0.2510422594136838,-0.06663397895656573
0,0.4054051398506357,0.021577096943643976,-0.23235758559482977,-0.06663397895656573
0,0.4054051398506357,0.019525721870564162,-0.2370660545410142,-0.06663397895656573
0,0.4054051398506357,0.01737658559527403,-0.2418435693701116,-0.06663397895656573
0,0.4054051398506357,0.019948784408783973,-0.2418435693701116,-0.06663397895656573
0,0.4054051398506357,0.023200184217163203,-0.23633239787464916,-0.06663397895656573
0,0.4054051398506357,0.023200184217163203,-0.23633239787464916,-0.24783248144367792
0,0.4054051398506357,0.023200184217163203,-0.23633239787464916,-0.2262155487922783
0,0.3952437135122943,0.023200184217163203,-0.23633239787464916,-0.20090910581602017
0,0.37375180760924537,0.023200184217163203,-0.23677956065787079,-0.19784419846909446
0,0.35492876584181465,0.023200184217163203,-0.2521780195156743,-0.19784419846909446
0,0.34218259370076237,0.023200184217163203,-0.2800150966148665,-0.19784419846909446
0,0.2708753868358763,0.022321063315104146,-0.3052131664360912,-0.19784419846909446
0,0.13123442852381328,-0.012345518809846261,-0.3362497238514313,-0.19784419846909446
0,-0.07267972851650228,-0.0924897907437078,-0.3362497238514313,-0.19784419846909446
0,-0.3222985424084515,-0.22014339120042697,-0.3365959721801893,-0.19784419846909446
0,-0.49863451484997817,-0.37169092083135163,-0.34428612078011495,-0.21874573442854692
0,-0.5463447217485721,-0.48177650528543736,-0.39880012310019547,-0.23978838457951035
0,-0.5528150172385665,-0.5799705295435327,-0.4824190732704512,-0.24879056876632508
0,-0.5330203261269291,-0.6516552054102471,-0.5968386691981846,-0.2846268810674532
0,-0.4682518778691623,-0.681554026847879,-0.7051668869021191,-0.2846268810674532
0,-0.37517079277861176,-0.7408832189364274,-0.8052979530877611,-0.2846268810674532
0,-0.3108652404168453,-0.763670634517051,-0.8773700653184119,-0.2846268810674532
0,-0.2842605623097873,-0.7751215286963876,-0.92690592200792,-0.2846268810674532
0,-0.2796868152253116,-0.7754182659308728,-0.9432107491117251,-0.3258143264547963
0,-0.2695576320386592,-0.7774151292499137,-0.8583234976473851,-0.39284398090737793
0,-0.26757304793137854,-0.7774151292499137,-0.7891895613451758,-0.43177004524150087
0,-0.26757304793137854,-0.7768596631544803,-0.7439810194128604,-0.43724696724057355
0,-0.2701138625418827,-0.7759941516818392,-0.7353341088976741,-0.34943874736793484
0,-0.27418558887913475,-0.7759941516818392,-0.7338248312852341,-0.22746005514164658
0,-0.2821009694340397,-0.7727058194347286,-0.7282835269399737,-0.10098413466513209
0,-0.2821009694340397,-0.7727058194347286,-0.7031971873448933,-0.10098413466513209
0,-0.2821009694340397,-0.7727058194347286,-0.6776765221417979,-0.10098413466513209
0,-0.2821009694340397,-0.7727058194347286,-0.6248182870357141,-0.10120611861134819
0,-0.2821009694340397,-0.7872035887723627,-0.5571233204155697,-0.1042633119599131
0,-0.3105912025935691,-0.8168372483428056,-0.49520687805330615,-0.11369474584497737
0,-0.32075422774203066,-0.8898016299265512,-0.47289595215368696,-0.11369474584497737
0,-0.3215851393525746,-0.9932158291220421,-0.45616690476101474,-0.11369474584497737
0,-0.33498949005958045,-1.0271519385400563,-0.4237760135368141,-0.11369474584497737
0,-0.39372050403832315,-1.0271519385400563,-0.3885654304130054,-0.1231957957133503
0,-0.39372050403832315,-1.0271519385400563,-0.35793973126480516,-0.1231957957133503
0,-0.39372050403832315,-1.0271519385400563,-0.3334591721981805,-0.1231957957133503
0,-0.39372050403832315,-1.0271519385400563,-0.30324142574453467,-0.1231957957133503
0,-0.39372050403832315,-1.0271519385400563,-0.30324142574453467,-0.1231957957133503
0,-0.39372050403832315,-1.0271519385400563,-0.26900983814516743,-0.1231957957133503
0,-0.39372050403832315,-1.0271519385400563,-0.23683220906278585,-0.1231957957133503
0,-0.39372050403832315,-1.0271519385400563,-0.22605516964903846,-0.1231957957133503
0,-0.39372050403832315,-1.0271519385400563,-0.22605516964903846,-0.1231957957133503
0,-0.39372050403832315,-1.0271519385400563,-0.22605516964903846,-0.1231957957133503
0,-0.39372050403832315,-1.0271519385400563,-0.22605516964903846,-0.1231957957133503
0,-0.39372050403832315,-1.0271519385400563,-0.24502747658871804,-0.1231957957133503
0,-0.39372050403832315,-1.0271519385400563,-0.28173270286499186,-0.1231957957133503
0,-0.39372050403832315,-1.0271519385400563,-0.2902783495296737,-0.1231957957133503
0,-0.39372050403832315,-1.0271519385400563,-0.3023151327283039,-0.1231957957133503
0,-0.39372050403832315,-1.0271519385400563,-0.3089114970341048,-0.1231957957133503
0,-0.39372050403832315,-1.0271519385400563,-0.32265982635304136,-0.1231957957133503
0,-0.39372050403832315,-1.0271519385400563,-0.32265982635304136,-0.1231957957133503
0,-0.39372050403832315,-1.0271519385400563,-0.32265982635304136,-0.1231957957133503
0,-0.39372050403832315,-1.0271519385400563,-0.32265982635304136,-0.1231957957133503
0,-0.39372050403832315,-1.0271519385400563,-0.32265982635304136,-0.1231957957133503
0,-0.39372050403832315,-1.0271519385400563,-0.32265982635304136,-0.1231957957133503
0,-0.39372050403832315,-1.0271519385400563,-0.32265982635304136,-0.1231957957133503
0,-0.39372050403832315,-1.0271519385400563,-0.32265982635304136,-0.1231957957133503
0,-0.39372050403832315,-1.0271519385400563,-0.32265982635304136,-0.1231957957133503
0,-0.39372050403832315,-1.0271519385400563,-0.32265982635304136,-0.1231957957133503
0,-0.39372050403832315,-1.0271519385400563,-0.32265982635304136,-0.1231957957133503
0,-0.39372050403832315,-1.0271519385400563,-0.26078106372525783,-0.1231957957133503
0,-0.39372050403832315,-1.0271519385400563,-0.26078106372525783,-0.1231957957133503
0,-0.39372050403832315,-1.0271519385400563,-0.26078106372525783,-0.1231957957133503
0,-0.39372050403832315,-1.0271519385400563,-0.26078106372525783,-0.1231957957133503
0,-0.39372050403832315,-1.0271519385400563,-0.26078106372525783,-0.1231957957133503
0,-0.39372050403832315,-1.0271519385400563,-0.26078106372525783,-0.1231957957133503
0,-0.39372050403832315,-1.0271519385400563,-0.26078106372525783,-0.1231957957133503
0,-0.39372050403832315,-1.0271519385400563,-0.26078106372525783,-0.1231957957133503
0,-0.39372050403832315,-1.0271519385400563,-0.26078106372525783,-0.1231957957133503
0,-0.39372050403832315,-1.0271519385400563,-0.26078106372525783,-0.1231957957133503
0,-0.39372050403832315,-1.0271519385400563,-0.26078106372525783,-0.1231957957133503
0,-0.39372050403832315,-1.0271519385400563,-0.26078106372525783,-0.1231957957133503
0,-0.39372050403832315,-1.0271519385400563,-0.26078106372525783,-0.1231957957133503
0,-0.39372050403832315,-1.0271519385400563,-0.26078106372525783,-0.1231957957133503
0,-0.39372050403832315,-1.0271519385400563,-0.26078106372525783,-0.1231957957133503
0,-0.39372050403832315,-1.0271519385400563,-0.26078106372525783,-0.1231957957133503
0,-0.39372050403832315,-1.0271519385400563,-0.26078106372525783,-0.1231957957133503
0,-0.39372050403832315,-1.0271519385400563,-0.26078106372525783,-0.1231957957133503
0,-0.39372050403832315,-1.0271519385400563,-0.26078106372525783,-0.1231957957133503
0,-0.39372050403832315,-1.0271519385400563,-0.26078106372525783,-0.1231957957133503
0,-0.39372050403832315,-1.0271519385400563,-0.14117252576272396,-0.1231957957133503
0,-0.39372050403832315,-1.0271519385400563,-0.13264215186261194,-0.1231957957133503
0,-0.39372050403832315,-0.4876150092410728,-0.13264215186261194,-0.2157746834997356
0,-0.39372050403832315,-0.4839516126450096,-0.13264215186261194,-0.17102768117428904
0,0.04554150318409265,-0.4839516126450096,-0.13264215186261194,-0.11367327689972102
0,0.05394621318848899,-0.4839516126450096,-0.13264215186261194,-0.03942784142835348
0,0.0741181146336032,-0.4799407278541813,-0.13264215186261194,0.018152511132745585
0,0.0741181146336032,-0.45890536555597916,-0.13264215186261194,0.044714699873225
0,0.0741181146336032,-0.45890536555597916,-0.13264215186261194,0.044714699873225
0,0.0741181146336032,-0.45890536555597916,-0.13264215186261194,0.044714699873225
0,0.0741181146336032,-0.45890536555597916,-0.19164680980997914,0.044714699873225
0,0.0741181146336032,-0.45890536555597916,-0.19164680980997914,0.044714699873225
0,0.0741181146336032,-0.4931341496383285,-0.19164680980997914,0.026316854904740082
0,0.0741181146336032,-0.506644370367529,-0.19164680980997914,-0.01062278820874132
0,0.0593046162466418,-0.506644370367529,-0.19164680980997914,-0.054446619498305114
0,0.021713108521218594,-0.506644370367529,-0.19164680980997914,-0.0997749712775046
0,-0.0032294566280177935,-0.5395026060125871,-0.19164680980997914,-0.10240267921290046
0,-0.0032294566280177935,-0.5395026060125871,-0.19164680980997914,-0.10240267921290046
0,-0.0032294566280177935,-0.5395026060125871,-0.19164680980997914,-0.10240267921290046
0,-0.0032294566280177935,-0.5395026060125871,-0.19164680980997914,-0.10240267921290046
0,-0.0032294566280177935,-0.5395026060125871,-0.19164680980997914,-0.10240267921290046
0,-0.0032294566280177935,-0.5395026060125871,-0.19164680980997914,-0.10240267921290046
0,-0.0032294566280177935,-0.5395026060125871,-0.19164680980997914,-0.10240267921290046
0,-0.0032294566280177935,-0.5395026060125871,-0.19164680980997914,-0.10240267921290046
0,-0.0032294566280177935,-0.5395026060125871,-0.19164680980997914,-0.10240267921290046
0,-0.0032294566280177935,-0.5395026060125871,-0.19164680980997914,-0.10240267921290046
0,-0.0032294566280177935,-0.5395026060125871,-0.19164680980997914,-0.10240267921290046
0,-0.0032294566280177935,-0.5395026060125871,-0.19164680980997914,-0.10240267921290046
0,-0.0032294566280177935,-0.5395026060125871,-0.19164680980997914,-0.10240267921290046
0,-0.0032294566280177935,-0.5395026060125871,-0.19164680980997914,-0.10240267921290046
0,-0.0032294566280177935,-0.5395026060125871,-0.19164680980997914,-0.10240267921290046
0,-0.0032294566280177935,-0.5395026060125871,-0.19164680980997914,-0.10240267921290046
0,-0.0032294566280177935,-0.5395026060125871,-0.19164680980997914,-0.10240267921290046
0,-0.0032294566280177935,-0.5395026060125871,-0.19164680980997914,-0.10240267921290046
0,-0.0032294566280177935,-0.5395026060125871,-0.19164680980997914,-0.10240267921290046
0,-0.0032294566280177935,-0.5395026060125871,-0.19164680980997914,-0.10240267921290046
0,-0.0032294566280177935,-0.5395026060125871,-0.19164680980997914,-0.10240267921290046
0,-0.0032294566280177935,-0.5395026060125871,-0.19164680980997914,-0.10240267921290046
0,-0.0032294566280177935,-0.5395026060125871,-0.19164680980997914,-0.10240267921290046
0,-0.0032294566280177935,-0.5395026060125871,-0.19164680980997914,-0.10240267921290046
0,-0.0032294566280177935,-0.5395026060125871,-0.19164680980997914,-0.10240267921290046
0,-0.0032294566280177935,-0.5395026060125871,-0.19164680980997914,-0.10240267921290046
0,-0.0032294566280177935,-0.5395026060125871,-0.19164680980997914,-0.10240267921290046
0,-0.0032294566280177935,-0.5395026060125871,-0.19164680980997914,-0.10240267921290046
0,-0.0032294566280177935,-0.5395026060125871,-0.19164680980997914,-0.10240267921290046
0,-0.0032294566280177935,-0.5395026060125871,-0.19164680980997914,-0.10240267921290046
0,-0.0032294566280177935,-0.5395026060125871,-0.19164680980997914,-0.10240267921290046
0,0.3488612097561596,-0.507889707766738,-0.6532376042924992,-0.10240267921290046
0,0.3488612097561596,-0.507889707766738,-0.5597166206152949,-0.10240267921290046
0,0.3488612097561596,-0.4966472719027498,-0.4396975903739271,-0.10240267921290046
0,0.35143777803232557,-0.49099244960611227,-0.3281091528209288,-0.10240267921290046
0,0.3519396272798671,-0.49099244960611227,-0.20819422455613928,-0.10240267921290046
0,0.3519396272798671,-0.49099244960611227,-0.11147733063762578,-0.10240267921290046
0,0.3519396272798671,-0.3929960177311701,-0.11147733063762578,-0.10240267921290046
0,0.3519396272798671,-0.3929960177311701,-0.11147733063762578,-0.10240267921290046
0,0.3519396272798671,-0.3929960177311701,-0.11147733063762578,-0.10240267921290046
0,0.3519396272798671,-0.3929960177311701,-0.11147733063762578,-0.10240267921290046
0,0.29081515731381935,-0.3929960177311701,-0.11279025295634755,-0.10240267921290046
0,0.18539184408835435,-0.4001594723544718,-0.11279025295634755,-0.10240267921290046
0,0.03316797337081138,-0.4212266532724637,-0.11279025295634755,-0.10240267921290046
0,-0.13920161497237685,-0.4460329176114663,-0.11279025295634755,-0.10240267921290046
0,-0.26443628387559936,-0.46603764854698027,-0.11279025295634755,-0.10240267921290046
0,-0.3166591568410495,-0.47904491389482545,-0.11279025295634755,-0.10240267921290046
0,-0.3166591568410495,-0.47904491389482545,-0.11279025295634755,-0.10240267921290046
0,-0.3166591568410495,-0.47904491389482545,-0.11279025295634755,-0.10240267921290046
0,-0.3166591568410495,-0.47904491389482545,-0.11279025295634755,-0.10240267921290046
0,-0.3166591568410495,-0.47904491389482545,-0.11279025295634755,-0.10240267921290046
0,-0.3166591568410495,-0.47904491389482545,-0.11279025295634755,-0.10240267921290046
0,-0.3166591568410495,-0.47904491389482545,-0.11279025295634755,-0.10240267921290046
0,-0.3166591568410495,-0.47904491389482545,-0.11279025295634755,-0.10240267921290046
0,-0.3166591568410495,-0.47904491389482545,-0.11279025295634755,-0.10240267921290046
0,-0.3166591568410495,-0.47904491389482545,-0.11279025295634755,-0.10240267921290046
0,-0.3166591568410495,-0.47904491389482545,-0.11279025295634755,-0.10240267921290046
0,-0.3166591568410495,-0.47904491389482545,-0.11279025295634755,-0.10240267921290046
0,-0.5527727215808437,-0.47904491389482545,-0.11279025295634755,-0.0336625115587035
0,-0.5478761897852535,-0.5652650106237762,-0.3085477015655821,-0.02670885269677391
0,-0.5090043473601676,-0.560902140930335,-0.30662981963379066,-0.017930629515928834
0,-0.46166749480221064,-0.5584258683561206,-0.30662981963379066,-0.013315123051391056
0,-0.3736941100180865,-0.5487438706914902,-0.30662981963379066,0.006794959066889211
0,-0.3105224448677827,-0.5325426246056516,-0.29445280188205036,0.06469270062984393
0,-0.2699026475009168,-0.5215836351919442,-0.27039200235746086,0.10473550309207534
0,-0.262803658885973,-0.5215836351919442,-0.26455872792346224,0.1265832455327048
0,-0.262803658885973,-0.5215836351919442,-0.26455872792346224,0.1408150681060305
0,-0.25333577774810223,-0.5215836351919442,-0.26455872792346224,0.1408150681060305
0,-0.24745433428279998,-0.5215836351919442,-0.26455872792346224,0.1408150681060305
0,-0.23789225770638597,-0.5320876635540616,-0.26455872792346224,0.1408150681060305
0,-0.2508766477696595,-0.5586278436154175,-0.2470657523881242,0.1408150681060305
0,-0.25356599412350855,-0.5555257762233774,-0.2560206243523617,0.1368927858052228
0,-0.20393034377575717,-0.5099564626306335,-0.3009524684265705,0.12284180484829228
0,-0.13309838661014534,-0.49172044849325114,-0.2738790054564219,0.11288241967458484
0,0.05464577649033458,-0.48982170904327527,-0.28533794597069606,0.24064519992452196
0,0.22263566784886063,-0.48982170904327527,-0.3001731605104584,0.38636938982892843
0,0.3079341797285843,-0.48982170904327527,-0.29811249699513925,0.47115162450732156
0,0.32907202051323464,-0.5024934231122403,-0.2699174396291741,0.509160744376975
0,0.32907202051323464,-0.5110623717710449,-0.22291281474634972,0.5236844471366843
0,0.32907202051323464,-0.5148340052120286,-0.14388884360590498,0.5327021685286427
0,0.32907202051323464,-0.5251872376273214,-0.07427755446864795,0.5369157615358986
0,0.32907202051323464,-0.5233522145663594,-0.051743685218639694,0.5348436317947778
0,0.32907202051323464,-0.5113365178678372,-0.044717575724089416,0.5348436317947778
0,0.32907202051323464,-0.46398398055917056,-0.044717575724089416,0.5558521997601948
0,0.3338391663335949,-0.43952861752015365,-0.044717575724089416,0.5552960919303173
0,0.35212440668788636,-0.43952861752015365,-0.044717575724089416,0.5583275305451436
0,0.3719874600123151,-0.43952861752015365,-0.044717575724089416,0.5626304467188104
0,0.37784072715570854,-0.43952861752015365,-0.044717575724089416,0.5626304467188104
0,0.37784072715570854,-0.4476137773454338,-0.044717575724089416,0.5626304467188104
0,0.37784072715570854,-0.47461727086159794,-0.058609860235299426,0.5626304467188104
0,0.37784072715570854,-0.5079844684951147,-0.0826931345517271,0.5626304467188104
0,0.3700460056579033,-0.527402778825376,-0.10599338259003027,0.5386864204157988
0,0.3290989247856287,-0.4942032404265197,-0.09494266597118418,0.4831324988973723
0,0.2853512789366888,-0.46579122899880665,-0.05321762210602651,0.4262390036329863
0,0.2278964791460222,-0.4421229348984425,-0.016700913374817175,0.4127946838200215
0,0.22824969233801412,-0.41922792703370115,-0.0026757027843590923,0.3396972316798475
0,0.288581233112491,-0.3352155269235071,-0.014154680557005556,0.3827952116341255
0,0.3482801617539386,-0.24324499654863396,0.030868012588516097,0.38954102207474933
0,0.39432304681569197,-0.1846969077553245,0.07244016872386136,0.37921132114982925
0,0.4185059175519189,-0.1720969322788948,0.07767362014873112,0.37035956162274075
0,0.4185432378371932,-0.1780892589826702,0.07337496858347269,0.3590821453686803
0,0.4185432378371932,-0.17884629917754458,0.07337496858347269,0.3590821453686803
0,0.41631101962544637,-0.17884629917754458,0.07337496858347269,0.3590821453686803
0,0.41631101962544637,-0.17884629917754458,0.07337496858347269,0.355730012426346
0,0.41631101962544637,-0.17884629917754458,0.07337496858347269,0.38016042194837835
0,0.41631101962544637,-0.17884629917754458,0.07337496858347269,0.44655042368094594
0,0.41641697941689193,-0.17884629917754458,0.07337496858347269,0.4887521446478595
0,0.4227993735819127,-0.17884629917754458,0.07337496858347269,0.4887521446478595
0,0.4227993735819127,-0.17884629917754458,0.07337496858347269,0.5164884396889659
0,0.4169150320980288,-0.19468957003167242,0.07337496858347269,0.517681182800444
0,0.3887374711532622,-0.22372511274488677,0.07337496858347269,0.5211595904408091
0,0.3763109825735658,-0.24463096493101652,0.07337496858347269,0.5067169856137397
0,0.3780555428269313,-0.260402608916275,0.07337496858347269,0.4856521284636043
0,0.3780555428269313,-0.274365711467085,0.07337496858347269,0.46364312344219516
0,0.35303339393313743,-0.32360733607466075,0.07337496858347269,0.44078805431432777
0,0.2821098387802219,-0.3811635423467931,0.07337496858347269,0.42514540071184265
0,0.20638796397195866,-0.4214850405266652,0.07337496858347269,0.4240385927663107
0,0.17033748135518134,-0.4580734301594567,-0.37323937718164507,0.4240385927663107
0,0.16522822770931664,-0.5105176923488272,-0.37323937718164507,0.4240385927663107
0,0.16522822770931664,-0.5841345510553828,-0.37323937718164507,0.4240385927663107
0,0.16515404193988967,-0.6461667312005768,-0.37323937718164507,0.4240385927663107
0,0.1573027732517135,-0.6837191071157543,-0.37323937718164507,0.37432366306342313
0,0.13783135026038176,-0.6983513258929158,-0.37323937718164507,0.37432366306342313
0,0.11067258502447466,-0.7011016695047259,-0.37323937718164507,0.33820792856933485
0,0.08443530088141966,-0.6863239649218064,-0.36896363443396046,0.29043990179828105
0,0.10765253500321083,-0.6847408134758713,-0.33119430173769093,0.23757012889347343
0,0.1287746630090903,-0.7376947377664064,-0.33119430173769093,0.1459635345056676
0,0.11969693763426495,-0.853313034154374,-0.43742298588389816,0.08104792493877663
0,0.0759271076707682,-0.9764150290539034,-0.5146145188039182,0.07618055424196303
0,0.0265701546798959,-1.0514736237762605,-0.5603297162960293,0.07618055424196303
0,0.006804966720981746,-1.0581686027567112,-0.5979918753470359,0.07618055424196303
0,-0.005401219646086646,-1.0581686027567112,-0.5979918753470359,0.07618055424196303
0,-0.012626824770632065,-1.0581686027567112,-0.6001300014322491,0.07618055424196303
0,-0.012804791824796505,-1.0581686027567112,-0.6326683398361408,0.07618055424196303
0,-0.012804791824796505,-1.0411488858231595,-0.6425485962327123,0.07618055424196303
0,-0.012804791824796505,-1.0075989256964581,-0.6425485962327123,0.07618055424196303
0,-0.012804791824796505,-0.9635390407812988,-0.6425485962327123,0.07618055424196303
0,-0.012804791824796505,-0.9210517963594119,-0.6425485962327123,0.07618055424196303
0,-0.012804791824796505,-0.9352232437983022,-0.6425485962327123,0.07618055424196303
0,-0.012804791824796505,-0.9352232437983022,-0.6425485962327123,0.07618055424196303
0,-0.015002650774259767,-0.9457343417674793,-0.6425485962327123,0.07618055424196303
0,-0.022649303952091422,-0.9054232800202631,-0.4669679215129304,0.07618055424196303
0,-0.07535094764463514,-0.9057818359370401,-0.4000793785168417,0.07618055424196303
0,-0.15102173308346317,-0.9102349448232828,-0.3200833964292418,0.07618055424196303
0,-0.1955607295061575,-0.9220710011147195,-0.19470993966365827,0.07618055424196303
0,-0.2201542422706347,-0.9220710011147195,-0.04941811266999798,0.07618055424196303
0,-0.22255645235167965,-0.9220710011147195,0.014691418960764896,0.07618055424196303
0,-0.23936161449883248,-0.9220710011147195,0.014691418960764896,0.07618055424196303
0,-0.246212257066252,-0.9220710011147195,0.014691418960764896,0.07618055424196303
0,-0.246212257066252,-0.9220710011147195,0.014691418960764896,0.07618055424196303
0,-0.246212257066252,-0.9220710011147195,0.014691418960764896,0.07618055424196303
0,-0.246212257066252,-0.9220710011147195,0.014691418960764896,0.07618055424196303
0,-0.246212257066252,-0.9220710011147195,0.014691418960764896,0.07618055424196303
0,-0.246212257066252,-0.9220710011147195,0.014691418960764896,0.07618055424196303
0,-0.246212257066252,-0.9220710011147195,0.014691418960764896,0.07618055424196303
0,-0.246212257066252,-0.9220710011147195,0.014691418960764896,0.07618055424196303
0,-0.246212257066252,-0.9220710011147195,0.014691418960764896,0.07618055424196303
0,-0.246212257066252,-0.9220710011147195,0.014691418960764896,0.07618055424196303
0,-0.246212257066252,-0.3586201654196035,0.014691418960764896,0.07618055424196303
0,-0.246212257066252,-0.3586201654196035,0.014691418960764896,0.07618055424196303
0,-0.246212257066252,-0.3586201654196035,0.014691418960764896,0.07618055424196303
0,-0.246212257066252,-0.3586201654196035,0.014691418960764896,0.07618055424196303
0,-0.246212257066252,-0.3410592943573044,0.014691418960764896,0.07618055424196303
0,-0.246212257066252,-0.3303722152292688,0.014691418960764896,0.07618055424196303
0,-0.246212257066252,-0.3277189835036123,0.014691418960764896,0.07618055424196303
0,-0.246212257066252,-0.3074901771391834,0.014691418960764896,0.07618055424196303
0,-0.246212257066252,-0.3013842012905638,0.014691418960764896,0.07618055424196303
0,-0.246212257066252,-0.29884267636334366,0.014691418960764896,0.07618055424196303
0,-0.246212257066252,-0.36688633261260606,0.014691418960764896,0.07618055424196303
0,-0.246212257066252,-0.4111762919334682,0.014691418960764896,0.07618055424196303
0,-0.246212257066252,-0.43153233614847647,0.014691418960764896,0.07618055424196303
0,-0.246212257066252,-0.4505164025401516,0.014691418960764896,0.07618055424196303
0,-0.246212257066252,-0.43831280778792553,0.014691418960764896,0.07618055424196303
0,-0.246212257066252,-0.404015175216083,0.014691418960764896,-0.16714665616173272
0,-0.1299929807407294,-0.37135675278989877,0.014691418960764896,-0.13389036371703877
0,-0.08136859579110228,-0.3677118121650112,0.014691418960764896,-0.13389036371703877
0,-0.062347769972304797,-0.3677118121650112,0.014691418960764896,-0.13389036371703877
0,-0.04491762998875667,-0.3677118121650112,0.014691418960764896,-0.13389036371703877
0,-0.04176252659842905,-0.3861083494821548,-0.007386608821576239,-0.13389036371703877
0,-0.04176252659842905,-0.39708403680191195,-0.007386608821576239,-0.13389036371703877
0,-0.04176252659842905,-0.2871295480232301,-0.007386608821576239,-0.13389036371703877
0,-0.04176252659842905,-0.1646943381565274,-0.007386608821576239,-0.13389036371703877
0,-0.04176252659842905,-0.12150671954731931,-0.007386608821576239,-0.13389036371703877
0,-0.04176252659842905,-0.12150671954731931,-0.007386608821576239,-0.23926647403114515
0,-0.04176252659842905,-0.12150671954731931,-0.007386608821576239,-0.23926647403114515
0,-0.03629269987152447,-0.12150671954731931,-0.007386608821576239,-0.23926647403114515
0,0.007922180314592873,-0.12150671954731931,-0.007386608821576239,-0.23926647403114515
0,0.061291392288217714,-0.12150671954731931,-0.007386608821576239,-0.23926647403114515
0,0.08585651653715136,-0.12150671954731931,-0.16326160612029778,-0.23926647403114515
0,0.0972342476500068,-0.12150671954731931,-0.30558035890196955,-0.23926647403114515
0,0.0972342476500068,-0.12150671954731931,-0.33872854426915355,-0.23926647403114515
0,0.095837772909314,-0.12150671954731931,-0.282721289213276,-0.23926647403114515
0,0.07707143999242733,-0.12150671954731931,-0.2235684743809877,-0.23926647403114515
0,0.051680534085997716,-0.12150671954731931,-0.2030469486428206,-0.23926647403114515
0,0.03559925749182808,-0.11042569474956945,-0.2148897826553115,-0.23926647403114515
0,0.03486170820743285,-0.10876202975992166,-0.21819265830811904,-0.23926647403114515
0,0.03486170820743285,-0.11278105479123811,-0.22425293064693735,-0.23926647403114515
0,0.03486170820743285,-0.16418018359695333,-0.23373023463723316,-0.23926647403114515
0,0.03486170820743285,-0.29368513622210923,-0.2392296788833592,-0.23926647403114515
0,0.04720816862535859,-0.4409708996506849,-0.2392296788833592,-0.23926647403114515
0,0.05705976656492891,-0.4831384148894552,-0.24121089887767339,-0.23926647403114515
0,0.06591518357805376,-0.49118579570725984,-0.22430304935798936,-0.23926647403114515
0,0.05521880943384646,-0.49118579570725984,-0.20165442791546787,-0.23926647403114515
0,0.09460499973375804,-0.5049734585013573,-0.14885596121254135,-0.23926647403114515
0,0.23179630755150765,-0.5108341593564146,-0.15425309327290926,-0.23926647403114515
0,0.371319559825321,-0.5021877797939326,-0.15534858562459594,-0.23926647403114515
0,0.46263111426153153,-0.48777862094088503,-0.15534858562459594,-0.23926647403114515
0,0.48175080918727275,-0.4778835035865666,-0.16533501884726098,-0.23926647403114515
0,0.48175080918727275,-0.46208393155676186,-0.1948578292536945,-0.23926647403114515
0,0.48175080918727275,-0.44645482586203883,-0.2488510811718147,-0.23926647403114515
0,0.48175080918727275,-0.4619590426009864,-0.3085937544937488,-0.23926647403114515
0,0.48175080918727275,-0.471970927853228,-0.34382851886365046,-0.23926647403114515
0,0.48175080918727275,-0.471970927853228,-0.3690410331314884,-0.23926647403114515
0,0.48175080918727275,-0.4705514013315339,-0.3690410331314884,-0.23926647403114515
0,0.48175080918727275,-0.47705403635601296,-0.3690410331314884,-0.23926647403114515
0,0.48175080918727275,-0.48892166154985306,-0.3690410331314884,-0.23926647403114515
0,0.48175080918727275,-0.48892166154985306,-0.3690410331314884,-0.23926647403114515
0,0.48175080918727275,-0.4914115574357356,-0.3690410331314884,-0.23926647403114515
0,0.48175080918727275,-0.4920022618100669,-0.3690410331314884,-0.23926647403114515
0,0.48175080918727275,-0.4920022618100669,-0.3690410331314884,-0.23926647403114515
0,0.48175080918727275,-0.4971285401636769,-0.3690410331314884,-0.23926647403114515
0,0.45335654237489537,-0.5122211085397808,-0.3690410331314884,-0.23926647403114515
0,0.45335654237489537,-0.5631832551476245,-0.3690410331314884,-0.23926647403114515
0,0.45335654237489537,-0.5631832551476245,-0.3690410331314884,-0.23926647403114515
0,0.45335654237489537,-0.5631832551476245,-0.3690410331314884,-0.23926647403114515
0,0.45335654237489537,-0.5631832551476245,-0.3690410331314884,-0.23926647403114515
0,0.45335654237489537,-0.5631832551476245,-0.3690410331314884,-0.23926647403114515
0,0.45335654237489537,-0.5631832551476245,-0.3690410331314884,-0.23926647403114515
0,0.45335654237489537,-0.5631832551476245,-0.3690410331314884,-0.23926647403114515
0,0.45335654237489537,-0.5631832551476245,-0.3690410331314884,-0.23926647403114515
0,0.45335654237489537,-0.5631832551476245,-0.3690410331314884,-0.23926647403114515
0,0.45335654237489537,-0.5631832551476245,-0.3690410331314884,-0.23926647403114515
0,0.45335654237489537,-0.5631832551476245,-0.3690410331314884,-0.23926647403114515
0,0.45335654237489537,-0.5631832551476245,-0.3690410331314884,-0.23926647403114515
0,0.45335654237489537,-0.7657029251072964,-0.3690410331314884,-0.23926647403114515
0,0.45335654237489537,-0.7657029251072964,-0.10043208845039628,-0.23926647403114515
0,0.45335654237489537,-0.7657029251072964,-0.10043208845039628,-0.23926647403114515
0,0.45335654237489537,-0.7657029251072964,-0.10043208845039628,-0.23926647403114515
0,0.45335654237489537,-0.7657029251072964,-0.10043208845039628,-0.23926647403114515
0,0.45335654237489537,-0.7657029251072964,-0.08595292742707163,-0.23926647403114515
0,0.45335654237489537,-0.763519697259887,-0.0659651836022008,-0.23926647403114515
0,0.45335654237489537,-0.7573733336082434,-0.05345756343610867,-0.23926647403114515
0,-0.38663306530102576,-0.7419171994328763,-0.05345756343610867,-0.080498595590312
0,-0.36983984015296756,-0.721401105217235,-0.05345756343610867,-0.05226007695458898
0,-0.353727839689874,-0.7129256171324738,-0.05345756343610867,-0.04957642954163964
0,-0.33314979973649167,-0.716059201615095,-0.23703646127539177,-0.04957642954163964
0,-0.30382166014499135,-0.7043176694908404,-0.3559792086477177,-0.04957642954163964
0,-0.2826180776281916,-0.7052876931077794,-0.40254696963927994,-0.04957642954163964
0,-0.2755856028380389,-0.6929902388123704,-0.40254696963927994,-0.04957642954163964
0,-0.2339111291563354,-0.7016513446988121,-0.4097850072495009,-0.04957642954163964
0,-0.13462468300796865,-0.7183317553570051,-0.4097850072495009,-0.04957642954163964
0,-0.0760738513984499,-0.7411499326792361,-0.4158315870886364,-0.04957642954163964
0,-0.050346011090042025,-0.7517760707052887,-0.4158315870886364,-0.06837817893043151
0,-0.04952695446864736,-0.7605831583183564,-0.4158315870886364,-0.09340729632789349
0,-0.04952695446864736,-0.7643797534114635,-0.41697819920793705,-0.11783265257538865
0,-0.05246318226127277,-0.7324250221774069,-0.42415829533894217,-0.1195894107372857
0,-0.06038667164631837,-0.730864278856667,-0.4493226724986152,-0.1290521551157249
0,-0.04935571459169019,-0.7041771844456436,-0.5128528131116207,-0.14956747532892906
0,-0.039563639178709975,-0.6877281007532906,-0.6326380887022622,-0.16125468216225325
0,-0.032737881641669735,-0.6296662617496982,-0.4427310825804299,-0.18439501767642696
0,-0.036626887622684706,-0.5482498277036477,-0.2420904282980531,-0.21253831168428
0,-0.036626887622684706,-0.5101685693719774,-0.1419714313856431,-0.20497246552154547
0,-0.036626887622684706,-0.5098616544278274,-0.12182212039157797,-0.19075108183839587
0,-0.036626887622684706,-0.5082001467977288,-0.11770137212097748,-0.1943253098466516
0,-0.04176224113699504,-0.5023817199831555,-0.11770137212097748,-0.21038137388161585
0,-0.04441782134417038,-0.49830655217600817,-0.11770137212097748,-0.21166231649288084
0,-0.05960573242246535,-0.48732191444251977,-0.11770137212097748,-0.2094782868625468
0,-0.09191308010112721,-0.47009620240270683,-0.11770137212097748,-0.2094782868625468
0,-0.15312611869867632,-0.4142833053442268,-0.11770137212097748,-0.22070207371361356
0,-0.13247963914544986,-0.38487390852176656,-0.11770137212097748,-0.22070207371361356
0,-0.09180439628011143,-0.3671827049492639,-0.11770137212097748,-0.19493826738797626
0,-0.05734621709641856,-0.3671827049492639,-0.11770137212097748,-0.13171917489603785
0,-0.05152597497699072,-0.3671827049492639,-0.11770137212097748,-0.09575688492432313
0,-0.05152597497699072,-0.36997671467153875,-0.11770137212097748,-0.08386957560339914
0,-0.05325819284599104,-0.36997671467153875,-0.11770137212097748,-0.08386957560339914
0,-0.058677884714946185,-0.36997671467153875,-0.11770137212097748,-0.08386957560339914
0,-0.061892693109595186,-0.3763042831777536,-0.14481054717909997,-0.08386957560339914
0,-0.061892693109595186,-0.398241331005755,-0.2604312923502694,-0.08386957560339914
0,-0.061892693109595186,-0.42599789496990237,-0.42070134033390494,-0.08386957560339914
0,-0.061892693109595186,-0.4535561228671693,-0.5002241113935737,-0.08386957560339914
0,-0.061892693109595186,-0.45933269633280727,-0.5325652431348387,-0.09415381705664148
0,-0.06535699460689315,-0.45933269633280727,-0.5484671809622348,-0.10340857005856911
0,-0.07072550180887943,-0.4744455761642955,-0.5501056782493009,-0.104494866760149
0,-0.07766296463063237,-0.47710866763749826,-0.5571048267360642,-0.08294323136641746
0,-0.035821217873001125,-0.5162839557317905,-0.5838455053022898,-0.061210181579400384
0,-0.007072445435924842,-0.5458252038018025,-0.6493231990845614,-0.061210181579400384
0,0.01880067354518555,-0.5845490083470689,-0.7386957097478526,-0.061210181579400384
0,0.06627312211452313,-0.6314604140597821,-0.7990329190436424,-0.06463748127618028
0,0.13288850071724148,-0.6234993485920604,-0.8390093593926,-0.09908566633340524
0,0.18458370575211366,-0.5945943390423368,-0.8559409769154007,-0.09976441293836132
0,0.2088243511555383,-0.5641960243239527,-0.8121418200432569,-0.06932507731680304
0,0.21897317679118716,-0.5562253346647569,-0.7753270420139902,-0.049953403007932315
0,0.2297198181040869,-0.5562253346647569,-0.7188951067668257,-0.04070295650742882
0,0.24027703759023486,-0.5562253346647569,-0.5668703621290347,-0.01886266167091691
0,0.24027703759023486,-0.5562253346647569,-0.5668703621290347,-0.01886266167091691
0,0.24027703759023486,-0.5562253346647569,-0.5668703621290347,-0.01886266167091691
0,0.24027703759023486,-0.5562253346647569,-0.5668703621290347,-0.01886266167091691
0,0.24027703759023486,-0.5562253346647569,-0.5668703621290347,-0.01886266167091691
0,0.24027703759023486,-0.5562253346647569,-0.5668703621290347,-0.0251772610330311
0,0.24027703759023486,-0.5654473338198209,-0.5668703621290347,-0.031106719268331074
0,0.2248063328223526,-0.6004667890602686,-0.5668703621290347,-0.04789233111889663
0,0.18895996407404628,-0.6436413124286023,-0.5668703621290347,-0.06651167863091391
0,0.14416918743348003,-0.6552441123038777,-0.5668703621290347,-0.06651167863091391
0,0.14416918743348003,-0.6552441123038777,-0.5668703621290347,-0.06651167863091391
0,0.14416918743348003,-0.6552441123038777,-0.5668703621290347,-0.06651167863091391
0,0.14416918743348003,-0.6552441123038777,-0.5668703621290347,-0.06651167863091391
0,0.14416918743348003,-0.6552441123038777,-0.5668703621290347,-0.06651167863091391
0,0.14416918743348003,-0.6552441123038777,-0.5668703621290347,-0.06651167863091391
0,0.14416918743348003,-0.6552441123038777,-0.5668703621290347,-0.06651167863091391
0,0.14416918743348003,-0.6552441123038777,-0.5668703621290347,-0.06651167863091391
0,0.14416918743348003,-0.6552441123038777,-0.5668703621290347,-0.06651167863091391
0,0.14416918743348003,-0.6010239422280128,-0.5668703621290347,-0.06651167863091391
0,0.23441865946770724,-0.5705700873388464,-0.30659437184546445,0.10106953180576027
0,0.23441865946770724,-0.5062044386992929,-0.30659437184546445,0.11508973677152226
0,0.23441865946770724,-0.44438902310218775,-0.30659437184546445,0.11553457871071686
0,0.23441865946770724,-0.40558183812932547,-0.30659437184546445,0.11553457871071686
0,0.23441865946770724,-0.389463893191413,-0.2988242651405934,0.11680473633041258
0,0.23441865946770724,-0.389463893191413,-0.28811397674518524,0.12255789126478539
0,0.23441865946770724,-0.389463893191413,-0.28811397674518524,0.1317097837745566
0,0.23441865946770724,-0.389463893191413,-0.28811397674518524,0.1424466190376695
0,0.23441865946770724,-0.389463893191413,-0.28811397674518524,0.14982608294711242
0,0.30484260441974304,-0.389463893191413,-0.28811397674518524,0.15197825196484904
0,0.30289986699962274,-0.389463893191413,-0.31492814186917284,0.12523776305452164
0,0.29165007914572516,-0.3928411945102027,-0.37642860557810465,0.08816040620644011
0,0.27800210718002183,-0.39704981926827,-0.41823438861036083,0.044037504603105106
0,0.27800210718002183,-0.39820924261197216,-0.43919748424430827,0.051216516468040624
0,0.2774734932712266,-0.40044648979556663,-0.4487305808913245,0.056547565204392754
0,0.17799144902921102,-0.43417526946689466,-0.4706185369056107,0.056547565204392754
0,0.20968316074359844,-0.48012457376830286,-0.49055401122903314,0.05463262973413097
0,0.2397612535317419,-0.48811349464039633,-0.5051286315518412,0.06271350512357263
0,0.25721530608775245,-0.49351044587404874,-0.49467635206023725,0.07869031655515987
0,0.25884784503386465,-0.5027673461789681,-0.4964989614864901,0.07869031655515987
0,0.2588971570936757,-0.5396409749237635,-0.5075306548581394,0.07869031655515987
0,0.2654383891579639,-0.5874216724272154,-0.5329416111979514,0.07869031655515987
0,0.2906125041150374,-0.580498028557468,-0.5373196743055106,0.0662040026474994
0,0.2906125041150374,-0.4230400606327684,-0.4509101364101212,0.052461439498409784
0,0.24872493894953546,-0.4230400606327684,-0.2969952606250989,0.015450012000498167
0,0.24872493894953546,-0.4230400606327684,-0.08645968848733987,-0.0403537584039845
0,0.24872493894953546,-0.4230400606327684,0.05777337729646625,-0.08626346110628856
0,0.24872493894953546,-0.4230400606327684,0.13995778784038734,-0.1087488738347862
0,0.24872493894953546,-0.4230400606327684,0.13995778784038734,-0.13292592586308072
0,0.24872493894953546,-0.4230400606327684,0.13995778784038734,-0.15209630974527652
0,0.24872493894953546,-0.4230400606327684,0.13995778784038734,-0.17053365339208984
0,0.24872493894953546,-0.4230400606327684,0.13995778784038734,-0.18035292031156325
0,0.24872493894953546,-0.4230400606327684,0.13995778784038734,-0.18035292031156325
0,0.24872493894953546,-0.4230400606327684,0.13995778784038734,-0.18035292031156325
0,0.24872493894953546,-0.4230400606327684,0.1919287611510383,-0.18035292031156325
0,0.24872493894953546,-0.4230400606327684,0.1919287611510383,-0.18035292031156325
0,0.24872493894953546,-0.4230400606327684,0.19723298685658,-0.18035292031156325
0,0.24872493894953546,-0.4230400606327684,0.2103423754377004,-0.18035292031156325
0,0.24872493894953546,-0.4230400606327684,0.2222684643685649,-0.18035292031156325
0,0.24872493894953546,-0.028015381967846142,0.23911325121077526,-0.18035292031156325
0,0.24872493894953546,0.02411800025484221,0.26270750892078076,-0.18035292031156325
0,-0.03411690400929754,0.05696924203932165,0.2702650461185896,-0.18035292031156325
0,-0.023437252166211675,0.06930762502946003,0.13421243739347424,0.051784181873966176
0,-0.023437252166211675,0.06930762502946003,0.13421243739347424,0.051784181873966176
0,-0.023437252166211675,0.06930762502946003,0.13421243739347424,0.051784181873966176
0,-0.023437252166211675,0.06930762502946003,0.13421243739347424,0.051784181873966176
0,-0.023437252166211675,0.06930762502946003,0.13421243739347424,0.051784181873966176
0,-0.023437252166211675,0.06930762502946003,0.13421243739347424,0.051784181873966176
0,-0.023437252166211675,0.06930762502946003,0.13421243739347424,0.051784181873966176
0,-0.023386618068769887,0.06847243723349741,0.10550181577960159,0.05326332345963565
0,-0.015010695660145176,0.06766380270346804,0.09740165416793678,0.06830908900270456
0,0.010083131769746985,0.06766380270346804,0.09740165416793678,0.08865679431375097
0,0.13050896716174698,0.06766380270346804,0.09740165416793678,0.10513647945659339
0,0.3363433512494999,0.07336884443956183,0.1034847301391653,0.11465300314095174
0,0.4904923463777487,0.0946439845921446,0.09415895384170023,0.13018976142341107
0,0.5983600460570894,0.07554020311509511,0.06609142472057968,0.16159907813775556
0,0.6644592380461042,-0.010845075900224859,0.04671352550025028,0.17118872697445342
0,0.6828865153891707,0.01904099604083701,0.04573539361234734,0.1876184194345835
0,0.6828865153891707,-3.384592312626508E-5,0.03738115095364729,0.1876184194345835
0,0.6828865153891707,-3.384592312626508E-5,0.02188993965426731,0.1876184194345835
0,0.6828865153891707,-3.384592312626508E-5,5.712419548174017E-4,0.1876184194345835
0,0.6828865153891707,-3.384592312626508E-5,-0.0013941188478626323,0.1876184194345835
0,0.6828865153891707,-3.384592312626508E-5,-0.0013941188478626323,0.1876184194345835
0,0.6828865153891707,-3.384592312626508E-5,-0.0013941188478626323,0.1876184194345835
0,0.6828865153891707,-3.384592312626508E-5,-0.0013941188478626323,0.1876184194345835
0,0.6828865153891707,-3.384592312626508E-5,-0.0013941188478626323,0.1876184194345835
0,0.6828865153891707,-3.384592312626508E-5,-0.009192292620209505,0.1876184194345835
0,0.6828865153891707,-3.384592312626508E-5,-0.03189948224961455,0.1876184194345835
0,0.6828865153891707,-3.384592312626508E-5,-0.03189948224961455,0.1876184194345835
0,0.6828865153891707,-3.384592312626508E-5,-0.03189948224961455,0.1876184194345835
0,0.6828865153891707,-3.384592312626508E-5,-0.03189948224961455,0.1876184194345835
0,0.6828865153891707,-3.384592312626508E-5,-0.03189948224961455,0.1876184194345835
0,0.6828865153891707,-3.384592312626508E-5,-0.03189948224961455,0.1876184194345835
0,0.6828865153891707,-3.384592312626508E-5,-0.03189948224961455,0.1876184194345835
0,0.6828865153891707,-3.384592312626508E-5,-0.03189948224961455,0.1876184194345835
0,0.6828865153891707,-3.384592312626508E-5,-0.03189948224961455,0.1876184194345835
0,0.6828865153891707,-3.384592312626508E-5,-0.03189948224961455,0.1876184194345835
0,0.6828865153891707,-3.384592312626508E-5,-0.03189948224961455,0.1876184194345835
0,0.6828865153891707,-3.384592312626508E-5,-0.03189948224961455,0.1876184194345835
0,0.6828865153891707,-3.384592312626508E-5,-0.03189948224961455,0.1876184194345835
0,0.6828865153891707,-3.384592312626508E-5,-0.03189948224961455,0.1876184194345835
0,0.6828865153891707,-3.384592312626508E-5,-0.03189948224961455,0.1876184194345835
0,0.6828865153891707,-3.384592312626508E-5,-0.03189948224961455,0.1876184194345835
0,0.6828865153891707,-3.384592312626508E-5,-0.03189948224961455,0.1876184194345835
0,0.6828865153891707,-3.384592312626508E-5,-0.03189948224961455,0.1876184194345835
0,0.6828865153891707,-3.384592312626508E-5,-0.03189948224961455,0.1876184194345835
0,0.6828865153891707,-3.384592312626508E-5,-0.03189948224961455,0.1876184194345835
0,0.6828865153891707,-3.384592312626508E-5,-0.03189948224961455,0.1876184194345835
0,0.6828865153891707,-3.384592312626508E-5,-0.03189948224961455,0.1876184194345835
0,0.6828865153891707,-3.384592312626508E-5,-0.03189948224961455,0.1876184194345835
0,0.6828865153891707,-3.384592312626508E-5,-0.03189948224961455,0.1876184194345835
0,0.6828865153891707,-3.384592312626508E-5,-0.03189948224961455,0.1876184194345835
0,0.6828865153891707,-3.384592312626508E-5,-0.03189948224961455,0.1876184194345835
0,0.6828865153891707,-3.384592312626508E-5,-0.03189948224961455,0.1876184194345835
0,0.6828865153891707,-3.384592312626508E-5,-0.03189948224961455,0.1876184194345835
0,0.6828865153891707,-3.384592312626508E-5,-0.03189948224961455,0.1876184194345835
0,0.6828865153891707,-3.384592312626508E-5,-0.03189948224961455,0.1876184194345835
0,0.6828865153891707,-3.384592312626508E-5,-0.03189948224961455,0.1876184194345835
0,0.6828865153891707,-3.384592312626508E-5,-0.03189948224961455,0.1876184194345835
0,0.6828865153891707,-3.384592312626508E-5,-0.03189948224961455,0.1876184194345835
0,0.6828865153891707,-3.384592312626508E-5,-0.03189948224961455,0.1876184194345835
0,0.6828865153891707,-3.384592312626508E-5,-0.03189948224961455,0.1876184194345835
0,0.6828865153891707,-3.384592312626508E-5,-0.03189948224961455,0.1876184194345835
0,0.6828865153891707,-3.384592312626508E-5,-0.03189948224961455,0.1876184194345835
0,0.6828865153891707,-3.384592312626508E-5,-0.03189948224961455,0.1876184194345835
0,0.6828865153891707,-3.384592312626508E-5,-0.03189948224961455,0.1876184194345835
0,0.6828865153891707,-3.384592312626508E-5,-0.03189948224961455,0.1876184194345835
0,0.6828865153891707,-3.384592312626508E-5,-0.03189948224961455,0.1876184194345835
0,0.6828865153891707,-3.384592312626508E-5,-0.03189948224961455,0.1876184194345835
0,0.6828865153891707,-3.384592312626508E-5,-0.03189948224961455,0.1876184194345835
0,0.6828865153891707,-3.384592312626508E-5,-0.03189948224961455,0.1876184194345835
0,0.6828865153891707,-3.384592312626508E-5,-0.03189948224961455,0.1876184194345835
0,0.3063083669188727,-3.384592312626508E-5,0.24581152519019947,0.1876184194345835
0,0.3860606544778713,-3.384592312626508E-5,0.3781953370247369,0.1876184194345835
0,0.413192711893906,-3.384592312626508E-5,0.42131655135347695,0.1876184194345835
0,0.413192711893906,-3.384592312626508E-5,0.42131655135347695,0.1876184194345835
0,0.413192711893906,-3.384592312626508E-5,0.42131655135347695,0.1876184194345835
0,0.413192711893906,-3.384592312626508E-5,0.42131655135347695,0.1876184194345835
0,0.413192711893906,-3.384592312626508E-5,0.42131655135347695,0.1876184194345835
0,0.413192711893906,-3.384592312626508E-5,0.42131655135347695,0.1876184194345835
0,0.413192711893906,-3.384592312626508E-5,0.42131655135347695,0.1876184194345835
0,0.413192711893906,-0.6602897409419404,0.42131655135347695,0.02284853881790624
0,0.41108626107428153,-0.6524233502110834,0.42131655135347695,0.01183937922546886
0,0.3885320169643989,-0.6485178826871845,0.42131655135347695,0.01183937922546886
0,0.3634638575720281,-0.6065914422659998,0.42131655135347695,-0.04390913373746191
0,0.3583679228782394,-0.6041914166862365,0.42131655135347695,-0.024412071015305258
0,0.3583679228782394,-0.5853107572019144,0.42131655135347695,-0.024412071015305258
0,0.356533010604395,-0.5853107572019144,0.420907939119325,-0.021696128301981022
0,0.33537537352589014,-0.5853107572019144,0.39927607642822144,-0.013248053322192387
0,0.2472225145841469,-0.5853107572019144,0.3122939056953031,-0.011018339628632329
0,0.09868375242863074,-0.5853107572019144,0.11015671107149878,-0.011018339628632329
0,0.05720297073632398,-0.5224225732598653,-0.09390058191525223,-0.18289097739058804
0,0.07007630161580866,-0.42544086757403593,-0.20406609175838258,-0.18289097739058804
0,0.07857791544102143,-0.39370486935207094,-0.18166648736474164,-0.18289097739058804
0,0.07857791544102143,-0.38612769609209396,-0.14542008270384016,-0.14804973726133347
0,0.07857791544102143,-0.35677893101581415,-0.12027755919743244,-0.0780016591486434
0,0.07857791544102143,-0.3196219813230697,-0.12094086661740401,0.010407877809205919
0,0.07857791544102143,-0.3067908147365886,-0.11227679100363806,0.08914061565340593
0,0.08486764525160842,-0.3067908147365886,-0.13421485182624823,0.13150288549052727
0,0.09121436020067268,-0.3067908147365886,-0.18975009994228298,0.1350614412314769
0,0.0906174162105807,-0.3067908147365886,-0.20420587786796754,0.1350614412314769
0,0.07197956879304837,-0.3067908147365886,-0.20420587786796754,0.1350614412314769
0,-0.0025739455420822565,-0.3067908147365886,-0.20420587786796754,0.13425306391397743
0,-0.10920064095123698,-0.3067908147365886,-0.20420587786796754,0.12939517070235587
0,-0.10085164780717618,-0.3067908147365886,-0.20420587786796754,0.1215278731614942
0,-0.001914204955555882,-0.28176226121038,-0.20420587786796754,0.11935625916441514
0,0.11919429810568083,-0.11357667675016643,-0.18943616694824952,0.11935625916441514
0,0.24030927566476568,0.013014737241027035,-0.12395585768789638,0.11935625916441514
0,0.3837738370020506,0.06442917950403165,-0.1183243690756993,0.11935625916441514
0,0.3837738370020506,0.06623883651583601,-0.1183243690756993,0.14739586956758227
0,0.3837738370020506,0.05481925907500351,-0.12312441079401741,0.2529385556519114
0,0.3837738370020506,0.05368299421785126,-0.15271997377056246,0.36722142694735604
0,0.3837738370020506,0.053781031418841524,-0.18845416374155513,0.4550597384642576
0,0.3837738370020506,0.053781031418841524,-0.20990393205703992,0.44999193533198956
0,0.3837738370020506,0.05671271069694815,-0.20990393205703992,0.4232488638570241
0,0.3837738370020506,0.05671271069694815,-0.20990393205703992,0.4736907067634537
0,0.4758750105961612,0.05671271069694815,-0.2092071525212024,0.4736907067634537
0,0.47625860383659707,0.05671271069694815,-0.2092071525212024,0.4736907067634537
0,0.49677664593931364,0.05671271069694815,-0.2092071525212024,0.4736907067634537
0,0.5136162874897269,0.05671271069694815,-0.2092071525212024,0.4736907067634537
0,0.5136162874897269,0.05671271069694815,-0.2092071525212024,0.47826489542718215
0,0.5136162874897269,0.05671271069694815,-0.2092071525212024,0.47826489542718215
0,0.5136162874897269,0.05671271069694815,-0.21499570954585162,0.47826489542718215
0,0.5136162874897269,0.009960457519548986,-0.2680881686485312,0.47826489542718215
0,0.5136162874897269,-0.09514923650776749,-0.38488884296317305,0.5265558908941099
0,0.5136162874897269,-0.20206617015461645,-0.3819643258171459,0.5440733880487204
0,0.5136162874897269,-0.25096886585418254,-0.38507271899104245,0.5440733880487204
0,0.5136162874897269,-0.2891354250418054,-0.4107307640811683,0.4853431188459835
0,0.5136162874897269,-0.29765325054945785,-0.4346917406044263,0.4853431188459835
0,0.5136162874897269,-0.3167608359427378,-0.45087344889767184,0.4853431188459835
0,0.5136162874897269,-0.3512446106410425,-0.4836085737233781,0.43947006502411945
0,0.5136162874897269,-0.37800366692624227,-0.5218321273948422,0.4007644720945417
0,0.5136162874897269,-0.3816130160507987,-0.4619958109893264,0.3765484863824141
0,0.5136162874897269,-0.36696740418772344,-0.41880295239214915,0.3668951140686135
0,0.5136162874897269,-0.3566649154384014,-0.40862524069244816,0.3409311275588788
0,0.5136162874897269,-0.3565809485124401,-0.3938002683548796,0.3409311275588788
0,0.5136162874897269,-0.3565809485124401,-0.3883306190472662,0.3409311275588788
0,0.5136162874897269,-0.3565809485124401,-0.3625120626709113,0.3409311275588788
0,0.5136162874897269,-0.37126869896835996,-0.32920045409223514,0.3409311275588788
0,0.5136162874897269,-0.37662845982387416,-0.30657917009048413,0.3409311275588788
0,0.5136162874897269,-0.3953758258780705,-0.28335101319805894,0.3409311275588788
0,0.5136162874897269,-0.42325412941558754,-0.2749483781960526,0.3409311275588788
0,0.5136162874897269,-0.42325412941558754,-0.26131141727427204,0.3409311275588788
0,0.5136162874897269,-0.42325412941558754,-0.23833120898189974,0.3409311275588788
0,0.5136162874897269,-0.4574753176204318,-0.1645582275588444,0.3409311275588788
0,0.5136162874897269,-0.5169348113758266,-0.09646838788598928,-0.33367078481819634
0,-0.06365424190089762,-0.5838439811218219,-0.05849108414406274,-0.18888449258383821
0,-8.393034920559467E-4,-0.6584704198720758,-0.05849108414406274,-0.0646466933043092
0,0.04776878390883692,-0.7453911876122097,-0.059975160932895455,0.0016723758487191887
0,0.050112279953582195,-0.7963172434609551,-0.08006284923206568,0.03777195709905155
0,0.050112279953582195,-0.8445395689495439,-0.1052094593387226,0.04597251360963313
0,0.050112279953582195,-0.8583405016560138,-0.12100928701560693,0.05879787040888171
0,0.050112279953582195,-0.8192734783014418,-0.13903621716042752,0.07290289318663239
0,0.050112279953582195,-0.7785826774620247,-0.1468692263146725,0.07290289318663239
0,0.050112279953582195,-0.7785826774620247,-0.1468692263146725,0.07290289318663239
0,0.050112279953582195,-0.7785826774620247,-0.1468692263146725,0.07290289318663239
0,0.050112279953582195,-0.7785826774620247,-0.1468692263146725,0.07290289318663239
0,0.050112279953582195,-0.7785826774620247,-0.1468692263146725,0.07290289318663239
0,0.048739060583399135,-0.7785826774620247,-0.1475247234049677,0.07290289318663239
0,0.030468956724067513,-0.7785826774620247,-0.15895323056886082,0.07290289318663239
0,0.0037040749852284525,-0.7785826774620247,-0.1693969235464952,0.07290289318663239
0,-0.00737888253107296,-0.7785826774620247,-0.20680768862234006,0.06866953945801273
0,-0.00737888253107296,-0.7785826774620247,-0.3080895092676722,0.06866953945801273
0,-0.00737888253107296,-0.7785826774620247,-0.3080895092676722,0.06866953945801273
0,-0.00737888253107296,-0.7785826774620247,-0.3080895092676722,0.06866953945801273
0,-0.00737888253107296,-0.7785826774620247,-0.3080895092676722,0.06866953945801273
0,-0.00737888253107296,-0.7785826774620247,-0.3080895092676722,0.06866953945801273
0,-0.00737888253107296,-0.7785826774620247,-0.3080895092676722,0.06866953945801273
0,-0.00737888253107296,-0.7785826774620247,-0.3080895092676722,0.06866953945801273
0,-0.00737888253107296,-0.4993957874954123,-0.8306081076580727,0.06866953945801273
0,-0.00737888253107296,-0.4993957874954123,-0.7319974196630585,0.06866953945801273
0,0.060548023299106114,-0.4993957874954123,-0.6924442583099932,-0.07584467672156464
0,0.06545150651786316,-0.4956694292069691,-0.6558289660719573,-0.06814160270015185
0,0.08309413930663082,-0.48265334211949906,-0.6046177970231821,-0.03383908356011475
0,0.12242617845795033,-0.46629963425831045,-0.5676160260444773,0.0066599394751570475
0,0.20487929760762794,-0.4436067204711305,-0.5549100612924184,0.06526296623908039
0,0.252757787667827,-0.42159481094055895,-0.5469415024934311,0.09514324532981024
0,0.26285492767721325,-0.4066722848503351,-0.5278514155069535,0.11222574332203107
0,0.26285492767721325,-0.4059050855512732,-0.5159797016633823,0.12857770717830758
0,0.26285492767721325,-0.4059050855512732,-0.5094331320641416,0.12857770717830758
0,0.26285492767721325,-0.40131108581735425,-0.499922056686116,0.12857770717830758
0,0.25192499534194435,-0.40750865296202793,-0.48636748222718656,0.12044302801018696
0,0.34126752903776875,-0.4272264374057289,-0.42808783736056066,0.10198512989149137
0,0.41631785124783244,-0.40181783921474234,-0.32250067959703194,0.08039695764525683
0,0.4120398465818409,-0.4074340665860979,-0.21198618670875186,0.03549974065807616
0,0.4120398465818409,-0.4074340665860979,-0.21198618670875186,-0.005583268563521885
0,0.4120398465818409,-0.4074340665860979,-0.22187938928249282,-0.013649631364630854
0,0.4120398465818409,-0.4074340665860979,-0.23045799448845897,-0.013649631364630854
0,0.4120398465818409,-0.4074340665860979,-0.23467782085116407,-0.013649631364630854
0,0.4120398465818409,-0.4074340665860979,-0.2443322407516347,-0.013649631364630854
0,0.4119888337015035,-0.4074340665860979,-0.2575859400992481,-0.013649631364630854
0,0.40183766019026784,-0.4211759310041783,-0.2706334107240245,-0.04344789600311672
0,0.40183766019026784,-0.4368337894430446,-0.2725058028864256,-0.09647137600512222
0,0.40183766019026784,-0.4368337894430446,-0.2725058028864256,-0.09647137600512222
0,0.40183766019026784,-0.4368337894430446,-0.2725058028864256,-0.09647137600512222
0,0.40183766019026784,-0.4368337894430446,-0.2725058028864256,-0.09647137600512222
0,0.40183766019026784,-0.4368337894430446,-0.2725058028864256,-0.09647137600512222
0,0.40183766019026784,-0.4368337894430446,-0.2725058028864256,-0.09647137600512222
0,0.40183766019026784,-0.4368337894430446,-0.2725058028864256,-0.09647137600512222
0,0.40183766019026784,-0.4368337894430446,-0.2725058028864256,-0.09647137600512222
0,0.40183766019026784,-0.4368337894430446,-0.2725058028864256,-0.09647137600512222
0,0.40183766019026784,-0.4368337894430446,-0.2725058028864256,-0.09647137600512222
0,0.40183766019026784,-0.4368337894430446,-0.2725058028864256,-0.09647137600512222
0,0.40183766019026784,-0.4368337894430446,-0.2725058028864256,-0.09647137600512222
0,0.40183766019026784,0.0735722356548803,-0.14625095698986135,-0.06890673618902918
0,0.40183766019026784,0.0735722356548803,-0.14625095698986135,-0.0278162804233636
0,0.40183766019026784,0.08231989812035231,-0.14625095698986135,-0.016880057913690866
0,0.40183766019026784,0.08240797484323402,-0.14625095698986135,-0.014650904598601858
0,0.40183766019026784,0.08240797484323402,-0.14625095698986135,0.0020680807175407737
0,0.40183766019026784,0.08240797484323402,-0.14625095698986135,0.0408981145515746
0,0.11650220229201615,0.08240797484323402,-0.14625095698986135,0.0726556485136149
0,0.11650220229201615,0.08240797484323402,-0.14625095698986135,0.08302388014366947
0,0.11650220229201615,0.08240797484323402,-0.14568519695793464,0.09493887859549553
0,0.11650220229201615,0.08240797484323402,-0.14568519695793464,0.12551089618100472
0,0.12442378641067683,0.08240797484323402,-0.17220345760644293,0.13834353919691011
0,0.13234573652654247,0.0643213855072922,-0.22262898933697944,0.14125836388694687
0,0.1341536864590277,0.01845893755881767,-0.3563089446097485,0.14643367669102988
0,0.1341536864590277,-0.04451892946966895,-0.5232532116725347,0.14643367669102988
0,0.1341536864590277,-0.08346264708441063,-0.6051495779049892,0.14643367669102988
0,0.1341536864590277,-0.1418356078937052,-0.5829585315063871,0.14643367669102988
0,0.07571769105034547,-0.21444696384437456,-0.5513434482434411,0.14643367669102988
0,0.15547327713426354,-0.2930474553273145,-0.5335319399458462,0.14643367669102988
0,0.2647998091649754,-0.364905700058978,-0.5289016941307086,0.14643367669102988
0,0.3243364626578845,-0.4253408217947662,-0.5289016941307086,0.15193787455373253
0,0.33876305749675867,-0.44865766434826115,-0.4722119018327607,0.17362951387255765
0,0.33866903909139734,-0.4603088403925933,-0.3771274147408157,0.19821552614190996
0,0.33866903909139734,-0.482613097485216,-0.27060790611469215,0.21416870038580366
0,0.33866903909139734,-0.5173464014823929,-0.16817235889219573,0.2203375327958698
0,0.33866903909139734,-0.44920750376515395,-0.0906045617810007,0.21451293984062492
0,0.33866903909139734,-0.44920750376515395,-0.0906045617810007,0.17963722479642907
0,0.33866903909139734,-0.44920750376515395,-0.0906045617810007,0.14932154768290953
0,0.33866903909139734,-0.44920750376515395,-0.0906045617810007,0.1239014252726801
0,0.33866903909139734,-0.44920750376515395,-0.0906045617810007,0.11760556097748293
0,0.33866903909139734,-0.44920750376515395,-0.0906045617810007,0.11760556097748293
0,0.33866903909139734,-0.45669164801604695,-0.0906045617810007,0.11760556097748293
0,0.33866903909139734,-0.49291456793412114,-0.0906045617810007,0.11760556097748293
0,0.33866903909139734,-0.5398174588280484,-0.0906045617810007,0.11760556097748293
0,0.3372054342882672,-0.5927871745899701,-0.0906045617810007,0.10819815791451949
0,0.3372054342882672,-0.5927871745899701,-0.0906045617810007,0.10819815791451949
0,0.3372054342882672,-0.5927871745899701,-0.0906045617810007,0.10819815791451949
0,0.3372054342882672,-0.5927871745899701,-0.0906045617810007,0.10819815791451949
0,0.3372054342882672,-0.5927871745899701,-0.0906045617810007,0.10819815791451949
0,0.3372054342882672,-0.5927871745899701,-0.0906045617810007,0.10819815791451949
0,0.3372054342882672,-0.5927871745899701,-0.0906045617810007,0.10819815791451949
0,0.3372054342882672,-0.5927871745899701,-0.0906045617810007,0.10819815791451949
0,0.3372054342882672,-0.5927871745899701,-0.0906045617810007,0.10819815791451949
0,0.3372054342882672,-0.5927871745899701,-0.0906045617810007,0.10819815791451949
0,0.3372054342882672,-0.5927871745899701,-0.0906045617810007,0.10819815791451949
0,0.3372054342882672,-0.5927871745899701,-0.6264126136942677,0.10819815791451949
0,0.11316210768959035,-0.7879408920518519,-0.6264126136942677,-0.11875827313200021
0,0.166949205290317,-0.7106806415812655,-0.6264126136942677,-0.05767921180958406
0,0.2396212093729265,-0.6888997197155473,-0.6249410673395696,0.018616878208255236
0,0.301597201453187,-0.6823836440053938,-0.6204419026383047,0.07182019780792019
0,0.31402132269167654,-0.6823836440053938,-0.6204419026383047,0.10673425047759587
0,0.31402132269167654,-0.6717639365379945,-0.6204419026383047,0.1094880943977605
0,0.31402132269167654,-0.6562608949762309,-0.6204419026383047,0.1094880943977605
0,0.31402132269167654,-0.6561385361784788,-0.6204419026383047,0.1094880943977605
0,0.31402132269167654,-0.6538725392083435,-0.6204419026383047,0.11430407783971877
0,0.31402132269167654,-0.6449608379346746,-0.739714491981641,0.12511717504232744
0,0.32460662114886946,-0.6449608379346746,-0.796151839250352,0.10463656497751792
0,0.3740651387106617,-0.6449608379346746,-0.8311284540397291,0.12499892227225524
0,0.41009158120269396,-0.6449608379346746,-0.8493821294419519,0.1334358998999731
0,0.42911684050431254,-0.6449608379346746,-0.8537985408530196,0.1334358998999731
0,0.4342845639235075,-0.6449608379346746,-0.8497585335071364,0.1334358998999731
0,0.4357992112234372,-0.6449608379346746,-0.8496485297967666,0.1334358998999731
0,0.43900412617007634,-0.6029496496620961,-0.8370442834036969,0.1334358998999731
0,0.44106101934697084,-0.5593206973252333,-0.8244590204667346,0.14837908039261594
0,0.433843865276966,-0.5035939828703351,-0.8253346083871469,0.1569122477944166
0,0.40711413589523887,-0.4594655477571328,-0.8479961137208893,0.1562602523951455
0,0.35805673130275295,-0.4427115970911243,-0.8282068502459613,0.148813394733437
0,0.3257965754996262,-0.4427115970911243,-0.7967613360166638,0.13013236119968305
0,0.3257965754996262,-0.4427115970911243,-0.789000717595078,0.11672259338064721
0,0.3257965754996262,-0.44765194514659146,-0.7809587788836222,0.1165834333493897
0,0.3257965754996262,-0.4601117588560217,-0.7523202039734249,0.12041525816073835
0,0.3257965754996262,-0.4880381963825159,-0.6791332191293855,0.12015221854662968
0,0.3257965754996262,-0.5115634304804481,-0.6362232830167982,0.11467179942087787
0,0.3257965754996262,-0.5158263586933692,-0.6417246414764665,0.1017005331610933
0,0.3257965754996262,-0.5158263586933692,-0.6543025797866868,0.08912511596131824
0,0.3045893018307996,-0.5158263586933692,-0.6605115201477763,0.07570414024809437
0,0.2826352902338718,-0.5158263586933692,-0.6589050180646892,0.09008512913371414
0,0.2893082296339538,-0.5158263586933692,-0.6583988645271518,0.1648676500748405
0,0.3107144045755062,-0.5158263586933692,-0.6602875345612932,0.23884022391576015
0,0.31209726673039384,-0.5166343494550297,-0.6586259551165458,0.2658328432285823
0,0.31209726673039384,-0.5410249525395303,-0.6586259551165458,0.279646999188098
